Abbreviation,Expanded Term,
& A,Observation & Assessment,
& E,Observation And Examination,
A,Atrial Fibrillation,
A & E,Accident And Emergency,
A & W,Alive And Well,
A-P,Anterior-Posterior,
A-R,Apical-Radial Pulse,
A-T,Ataxia-Telangiectasia,
a.c.,Before Meals,
a.c.,Before Food Or Meals,
a.d.,Right Ear,
a.m.,Before Noon,
a.s.,Left Ear,
a.u.,Both Ears,
a/g ratio,Albumin To Globulin Ratio,
A&O,Alert And Oriented,
A&W,Alive And Well,
A1,Aortic First Sound,
A2,Aortic Second Sound,
AA,Amino Acid,
AA,Alcoholics Anonymous,
AAA,Abdominal Aortic Aneurysm,
AAS,Aarskog–Scott Syndrome,
AB,Apex Beat,
Ab,Antibody,
Ab,Antibiotics,
AB,Abortion,
ABCD syndrome,"Albinism,Black Lock,Cell Migration Disorder",
Abd,Abdomen,
abd.,Abdomen,
ABE,Acute Bacterial Endocarditis,
ABG,Arterial Blood Gases,
ABG,Arterial Blood Gas,
abn.,Abnormal,
ABR,Absolute Bed Rest,
ABX,Antibiotics,
AC,Before Meals,
ACC,Agenesis Of The Corpus Callosum,
ACE,Angiotensin-Converting Enzyme,
ACHES,"Abdominal Pain, Chest Pain, Headaches, Eye Problems, Severe Leg Cramps",
ACHES,"Abdominal Pain,Chest Pain,Headaches",
ACL,Anterior Cruciate Ligament,
ACOG,American College Of Obstetrics & Gynecology,
ACS,Acute Coronary Syndrome,
ACTH,Adrenocorticotrophic Hormone,
ACTH,Adrenocorticotropic Hormone Deficiency,
ACVD,Atherosclerotic Cardio Vascular Disease,
AD,Alzheimer’S Disease,
AD,Alzheimer'S Disease/ Attachment Disorder,
AD,Right Ear,
Ad lib,At Liberty,
Ad lib,"At Will,As Desired",
ad lib,As Desired,
ADH,Antidiuretic Hormone,
ADHD,Attention Deficit Hyperactivity Disorder,
ADL,Activities Of Daily Living,
ADL's,Activities Of Daily Living,
ADM,"Admission, Admitted",
admin,Administration,
ADR,Adverse Drug Reaction,
AED,Antiepileptic Drug,
AF,Acid-Fast,
AF,Anteflexed,
AFB,Acid-Fast Bacillus,
AFP,Α-Fetoprotein,
AFR,Acute Renal Failure,
Ag,Antigen,
AGA,Average For Gestational Age,
AGL,Acute Granulocytic Leukaemia,
AGN,Acute Glomerular Nephritis,
AHD,Autoimmune Haemolytic Disease,
AI,Aortic Incompetence,
AID,Artificial Insemination By Donor,
AIDS,Acquired Immune Deficiency Syndrome,
AIH,Artificial Insemination By Husband,
AJ,Ankle Jerk,
AKA,Above Knee Amputation,
AL,Acute Leukaemia,
AL,Left Ear,
alb,Albumin,
ALD,Alcoholic Liver Disease,
ALI,Acute Lung Injury,
ALL,Acute Lymphocytic Leukaemia,
ALL,"Acute Lymphoblastic Lymphoma,Acute Lymphocytic Leukemia",
ALS,Advanced Life Support,
ALS,Amyotrophic Lateral Sclerosis (Lou Gehrig'S Disease),
ALS,Amyotrophic Lateral Sclerosis,
ALT,Alanine Transaminase,
AMA,Against Medical Advice,
AMA,Against Medical Advice (Or American Medical Association),
AMI,Acute Myocardial Infarction,
AML,Acute Myelogenous Leukemia,
amp.,Ampule,
amt.,Amount,
ANA,Antinuclear Antibody,
ANA,American Nurses Association,
AND,Age-Related Macular Degeneration,
ANED,Alive No Evidence Of Disease,
ANP,Adult Nurse Practitioner,
ant.,Anterior,
Anuric,Not Producing Urine,
AO,Adolescent Onset,
AOB,Alcohol On Breath,
AOCD,Anemia Of Chronic Disease,
AOS,Apraxia Of Speech,
AP,Anteroposterior,
APM,Aldosterone-Producing Adenoma,
approx.,Approximately,
APPT,Activated Partial Thromboplastin Time,
appt,Appointment,
APS,Antiphospholipid Syndrome,
APSAC,Anisoylated Plasminogen,
AQDM,Adult Onset Diabetes Mellitus,
ARBD,Alcohol-Related Birth Defects,
ARD,Adult Refsum Disease,
ARDS,Adult Respiratory Distress Syndrome,
ARDS,Acute Respiratory Distress Syndrome,
ARF,Acute Renal Failure,
ARF,"Acute Renal Failure,Acute Rheumatic Fever",
ARND,Alcohol-Related Neurodevelopmental Disorder,
ARNP,Advanced Registered Nurse Practitioner,
AROM,Artificial Rupture Of Membranes,
AS,Anal Sphincter,
AS,Ankylosing Spondylitis,
ASA,Acetylsalicylic Acid,
ASAP,As Soon As Possible,
ASB,Asymptomatic Bacteriuria,
ASCVD,Atherosclerotic Cardiovascular Disease,
ASD,Atrial Septal Defect,
ASHF,Acute Systolic Heart Failure,
ASS,African Sleeping Sickness,
AST,Aspartate Transaminase,
asymp.,Asymptomatic,
ATN,Acute Tubular Necrosis,
ATZ,Abnormal Transformation Zone,
AU,Both Ears,
AV,Atrioventricular,
AVMs,Arteriovenous Malformations,
aw,Alive/Well,
AWE,Acetowhite Epithelium,
AXR,Abdominal X-Ray,
B-ALL,B-Cell Acute Lymphoblastic Leukemia,
B-HCG,Beta Sub-Unit,
b.d.s,2 Times A Day,
b.i.d.,Twice Daily,
B.S.,Bachelor Of Science,
B.V.,Bacterial Vaginosis,
B/4,Before,
BAC,Blood Alcohol Content,
BAD,Bipolar Affective Disorder,
BaE,Barium Enema,
Bandemia,Slang For Elevated Band Forms Of White Blood Cells,
BB,Bed Bath,
BBA,Born Before Arrival,
BBB,Blood-Brain Barrier,
BBT,Basal Body Temperature,
BC,Birth Control,
BCC,Basal Cell Carcinoma,
BCC,Benign Cellular Changes,
BCG,Bacille Calmette-Guerin,
BCHS,Bureau Of Community Health Services,
BCM,Birth Control Method,
BCP,Birth Control Pills,
BE,Barium Enema,
BF,Boyfriend,
bfst,Breakfast,
Bibasilar,At The Bases Of Both Lungs,
BID,Brought In Dead,
BID,Bis In Dies (Twice A Day),
bid,Twice Daily,
BJ,Biceps Jerk,
BKA,Below Knee Amputation,
bld,Blood,
BM,Bone Marrow,
BM,Bowel Movement,
BMD,Becker'S Muscular Dystrophy,
BMD,Bone Mass Density,
BMI,Body Mass Index,
BMI,Basal Metabolic Index,
BMP,Basic Metabolic Panel,
BMR,Basal Metabolic Rate,
BMT,Bone Marrow Transplant,
BNO,Bowels Not Open,
bol.,As A Large Single Dose (Usually Intravenously),
BOR,Bowels Open Regularly,
BOW,Bag Of Waters,
BP,Blood Pressure,
BPD,Borderline Personality Disorder,
BPH,Benign Prostatic Hypertrophy,
BPH,Benign Prostatic Hyperplasia,
BR,Bed Rest,
BRP,Bathroom Privileges,
BrS,Breath Sounds,
BS,Bowel Sounds,
BS,Bloom'S Syndrome,
BSA,Body Surface Area,
BSE,Bovine Spongiform Encephalopathy,
BSE,Breast Self Exam,
BSO,Bilateral Salpingo-Oophorectomy,
BSO,Bilateral Salpingooophorectomy,
bst,Breast,
BT,Bed Time,
BTB,Breakthrough Bleeding,
BTL,Bilateral Tubal Ligation,
BUM,Back Up Method,
BUN,Blood Urea Nitrogen,
BUS,"Bartholin'S,Urethral,Skene'S Glands",
BW,Body Water,
BWO,Bowels Well Open,
Bx,Biopsy,
C,Complement,
C,"Centigrade, Celsius",
C,Centigrade / Complication Visit,
c,Discontinued,
C & P,Cystoscopy And Pyelogram,
C & S,Culture And Sensitivity,
C-Birth,Cesarean Birth,
c-sec,Cesarean Section,
C.trachomatis,Chlamydia Trachomatis,
C/F,"Chills,Fever",
c/o,Complains Of,
C/O,Complaint Of,
C/O,"Complains Of, Care Of",
c/o,Complaints Of,
C/S,Cesarean Section,
CA,Cancer,
Ca,Cancer, Carcinoma
Ca,Calcium,
CA,Carcinoma (Cancer),
CAB,Carotid Artery Bruit,
CABG,Coronary Artery Bypass Graft,
CAD,Coronary Artery Disease,
cap,Capsule,
CAPD,Continuous Ambulatory Peritoneal Dialysis,
caps,Capsule,
CAT,Computer Assisted Tomography,
cath,Catheter,
CAVHD,Continuous Arteriovenous Haemodialysis,
CBC,Complete Blood Count,
CBD,Common Bile Duct,
CBE,Clinical Breast Exam,
CBF,Cerebral Blood Flow,
CBS,Chronic Brain Syndrome,
CC,Chief Complaint,
cc,Cubic Centimeters,
CC,"Cubic Centimeter, Chief Complaint, Critical Care",
cc,Cubic Centimeter,
CCF,Congestive Cardiac Failure,
CCU,Coronary Care Unit,
CDC,Center For Disease Control,
CDE,Complete Dental (Oral) Evaluation,
CDG,Congenital Disorder Of Glycosylation,
CDGP,Carbohydrate Deficient Glycoprotein Syndrome,
CDHF,Chronic Diastolic Heart Failure,
CEA,Carcinoembryonic Antigen,
CEP,Congenital Erythropoietic Porphyria,
CESD,Cholesteryl Ester Storage Disease,
CF,Complement Fixation,
CF,Cystic Fibrosis,
CFIDS,Chronic Fatigue Immune Dysfunction Syndrome,
CFS,Chronic Fatigue Syndrome,
CFSS,Catholic Family Social Service,
CFT,Complement Fixation Test,
CFT,Complement Fixation Testing,
CGD,Corticobasal Ganglionic Degeneration,
CGL,Chronic Granulocytic Leukaemia,
CGN,Chronic Glomerular Nephritis,
CH,Cluster Headache,
CHB,Complete Heart Block,
CHD,Coronary Heart Disease,
CHD,Congenital Heart Disease,
CHD,Congenital Heart Disease/ Congenital Hip Dysplasia/ Coronary Heart Disease,
Chem panel,Chemistry Panel,
CHF,Congestive Heart Failure,
chly,Chlamydia,
CHN,Community Health Nurse,
chol,Cholesterol,
CHP,Charcoal Haemoperfusion,
CI,Cardiac Index,
CI,Contraindication,
CICr,Creatinine Clearance,
CIP,Congenital Insensitivity To Pain,
CJD,Creutzfeldt–Jakob Disease,
CK,Creatine Kinase,
CL,Clubbing,
CLL,Chronic Lymphocytic Leukaemia,
cm.,Centimeter,
CML,Chronic Myelocytic Leukaemia,
CML,Chronic Myelogenous Leukemia,
CMT,Cervical Motion Tenderness,
CMV,Cytomegalovirus,
CNS,Central Nervous System,
CO,Cardiac Output,
CO2,Carbon Dioxide,
COAD,Chronic Obstructive Airways Disease,
COD,Cause Of Death,
COLD,Chronic Obstructive Lung Disease,
Colpo,Colposcopy,
con,Consult,
conf,Conference,
cont.,Continue,
COPD,Chronic Obstructive Pulmonary Disease,
COVID-19,Coronavirus Disease 2019,
CP,Chest Pain,
CP,Cerebral Palsy,
CPAP,Continuous Positive Airway Pressure,
CPD,Continuous Peritoneal Dialysis,
CPD,Cephalopelvic Disproportion,
CPDD,Calcium Pyrophosphate Deposition Disease,
CPK,Creatine Phosphokinase,
CPM,Central Pontine Myelinolysis,
CPPSC,Chronic Prostatitis/Chronic Pelvic Pain Syndrome,
CPR,Cardiopulmonary Resuscitation,
CRD,Chronic Renal Disease,
CRF,Chronic Renal Failure,
CRP,C-Reactive Protein,
CRYO,Cryosurgery,
CSF,Cerebrospinal Fluid,
CSM,Cerebrospinal Meningitis,
CSU,Catheter Specimen Of Urine,
CT,Circulation Time,
CT,Chemotherapy,
ct,Client,
CV,Cardiovascular,
CVA,Cerebrovascular Accident,
CVA,Cerebral Vascular Accident (Stroke),
CVA,"Cervix,Vagina,And Adnexae / Cerebrovascular Accident",
CVD,Cardiovascular Disease,
CVP,Central Venous Pressure,
CVR,Clinic Visit Record,
CVS,Cardiovascular System,
Cx,Cervix,
CXR,Chest X-Ray,
Cy,Cyanosis,
d,Dead,
D,Diagnosis,
D & C,Dilatation And Curettage,
D & C,Dilation & Curettage,
D & E,Dilation And Evacuation,
D & V,Diarrhoea And Vomiting,
D.Dx.,Differential Diagnosis,
D/C,Discontinue Or Discharge,
D/C,Discharge,
D/C or DC,Discontinue Or Discharge,
D/S,Dextrose And Saline,
D/W,Discussed With,
D/W,Dextrose And Water,
DBP,Diastolic Blood Pressure,
DCIS,Ductal Carcinoma In Situ,
DDS,Doctor Of Dental Surgery,
DDU,Drug Dependency Unit,
DDX,Differential Diagnosis,
del,Delivered,
del,Deltoid,
DES,Diethylstilbestrol,
DH,Drug History,
DH,Developmentally Handicapped,
DHF,Diastolic Heart Failure,
DHF,Dengue Hemorrhagic Fever,
DHHS,Department Of Health And Human Services,
DI,Drug Information,
DI,Diabetes Insipidus,
DIC,Disseminated Intravascular Coagulation,
DID,Dissociative Identity Disorder,
diff.,Differential,
DiG,Digeorge Syndrome,
dil.,Dilute,
disch.,Discharge,
DISH,Diffuse Idiopathic Skeletal Hyperostosis,
disp.,Dispense,
DJD,Degenerative Joint Disease,
DKA,Diabetic Ketoacidosis,
DLB,Dementia With Lewy Bodies,
DM,Diabetes Mellitus,
DMD,Duchenne Muscular Dystrophy,
DMID,Diabetes Mellitus Insulin Dependent,
DMPA,Depo Mednoxy Progesterone (Depo-Provera),
DNA,Did Not Attend (Outpatients),
DNA,Does Not Apply,
DNC,Did Not Come,
"DNC, D&C, or D and C",Dilation And Curettage,
DNR,Do Not Resuscitate,
DO,Disorder,
DO,Osteopathic Doctor,
DO,Doctor Of Osteopathy,
DOA,Dead On Arrival,
DOA,Dead On Arrival Or Date Of Admission,
DOB,Date Of Birth,
DOE,Dyspnoea On Exertion,
DOE,Dyspnea On Exertion,
DOT,Directly Observed Therapy,
doxy.,Doxycycline,
doz.,Dozen,
DPT,"Diptheria,Pertussis,And Tetanus",
dr.,Dram,
Dr.,Doctor,
DRD,Dihydropteridine Reductase Deficiency,
DS,Down Syndrome,
DSM,Diagnostic And Statistical Manual Of Mental Disorders,
DSPS,Delayed Sleep Phase Syndrome,
DST,Dexamethasone Suppression Test,
DT,Delirium Tremens,
DTNT,Door To Needle Time,
DTR,Deep Tendon Reflexes,
DTR,Deep Tendon Reflex,
DU,Duodenal Ulcer,
DUB,Dysfunctional Uterine Bleeding,
DVT,Deep Vein Thrombosis,
DVT,Deep Venous Thrombosis,
Dx,Diagnosis,
DXT,Deep X-Ray Therapy,
E. Coli,Escherichia Coli,
e.g.,For Example,
EAB,Elective Abortion,
EAC,External Auditory Canal,
EBL,Estimated Blood Loss,
EBM,Expressed Breast Milk,
EBV,Epstein-Barr Virus,
EBV,Ebola Virus Disease,
EC,Eye Contact,
ECASA,Enteric Coated Acetylsalicylic Acid,
ECC,Emergency Cardiac Care,
ECC,Endocervical,
ECF,Extracellular Fluid,
ECG,Electrocardiogram,
ECHO,Echocardiogram,
ECMO,Extracorporeal Membrane Oxygenation,
ECT,Electroconvulsive Therapy,
Ect,Endocervical Curettage,
ECV,External Cephalic Version,
ED,Emotionally Disturbed,
ED,Erectile Dysfunction,
EDC,Estimated Date Of Confinement,
EDD,Expected Date Of Delivery,
EDD,Estimated Delivery Date,
EDS,Ehlers–Danlos Syndrome,
EDS,Excessive Daytime Sleepiness,
educ.,Education,
EEG,Electroencephalogram,
EENT,"Eyes, Ears, Nose And Throat",
EENT,"Ears,Eyes,Nose And Throat",
EFA,Essential Fatty Acids,
EG,External Genitalia,
EGA,Estimated Gestational Age,
EGC,Early Gastric Cancer,
EHK,Epidermolytic Hyperkeratosis,
EKG,Electrocardiogram,
ELBW,Extremely Low Birth Weight,
ELISA,Enzyme-Linked Immunosorbent Assay,
ELISA,Enzyme Immunoassay Methods,
EM,Ejection Murmur,
emerg,Emergency,
EMG,Electromyogram,
EMH,Educable Mentally Handicapped,
endocx.,Endocervical,
ENS,Epidermal Nevus Syndrome,
ENT,"Ear, Nose And Throat",
ENT,"Ears,Nose And Throat",
EOD,Every Other Day,
EOM,Extraocular Movement,
EP,Ectopic Pregnancy,
epis.,Episiotomy,
epith,Epithelial,
EPO,Erythropoietin,
EQE,Eastern Equine Encephalitis,
ER,Emergency Room,
ERCP,Endoscopic Retrograde,
ERPC,Evacuation Of Retained Products Of Conception,
ESM,Ejection Systolic Murmur,
ESN,Educationally Subnormal,
ESP,End-Systolic Pressure,
ESR,Erythrocyte Sedimentation Rate,
ESRF,End Stage Renal Failure,
ET,Endotracheal Tube,
et,And,
EtOH,Ethyl Alcohol,
ETOH,Alcohol (Ethyl),
eval.,"Evaluate,Evaluation",
F,Fahrenheit,
F & C's,Foam And Condoms,
F & V,Fruits And Vegetables,
F.H.,Family History,
F.T.,Full Term,
f/u,Follow-Up,
Fam. Hx,Family History,
FAS,Fetal Alcohol Syndrome,
FB,Finger Breadths,
FB,Foreign Body,
FBC,Full Blood Count,
FBS,Fasting Blood Sugar,
FDA,Food And Drug Administration,
Fe,Iron,
FEF,Forced Expiratory Flow,
fen-phen,Fenfluramine-Phentenmine,
FEV 1,Forced Expiratory Volume In 1 Second,
FFA,Free Fatty Acids,
FFP,Fresh Frozen Plasma,
FH,Family History,
FHR,Foetal Heart Rate,
FHR,Fetal Heart Rate,
FHS,Foetal Heart Sounds,
FHT,Fetal Heart Tone,
FL,Femur Length,
fl.,Fluid,
FLP,Fasting Lipid Profile,
FM,Fetal Movement,
FMD,Fibromuscular Dysplasia,
FNA,Fine Needle Aspiration,
FNP,Family Nurse Practitioner,
FOB,Faecal Occult Blood,
FOBT,Fecal Occult Blood Testing,
FP,Family Planning,
FPC,Family Practice Center,
FPP,Family Planning Program,
FRC,Functional Residual Capacity,
freq.,Frequent,
FROM,Free Range Of Motion,
FSE,Fetal Scalp Electrode,
FSH,Follicle-Stimulating Hormone,
FSH,Follicle Stimulating Hormone,
FSP,Familial Spastic Paraparesis,
ft.,Foot,
FT4,Free Thyroxine,
FTA-ABS,Fluorescent Treponemal Antibibody Absorption Test,
FUO,Fever Of Unknown Origin,
FVC,Forced Vital Capacity,
FWHO,Fargo Women'S Health Organization,
FX,Fracture,
Fx.,Fracture,
FXS,Fragile X Syndrome,
g,"Gram, A Unit Of Weight",
G & D,Growth And Development,
G-CSF,Granulocyte Colony-Stimulating Factor,
g-GT,Γ-Glutamyl Transferase,
G.vaginalis,Gardnerella Vaginalis,
G/W,Glucose And Water,
G1,Gravida 1,
G2,Gravida 2,
GA,General Anaesthesia,
GA,Gestational Age,
GABA,Γ-Aminobutyric Acid,
gal.,Gallon,
garg.,Gargle,
GAS,Group A Streptococcal Disease,
GB,Gall Bladder,
GB,Gallbladder,
GBS,Group B Streptococcal Disease,
GC,Gonococcal,
Gc,"Gonococcus,Gonococcal,Gonorrhea",
GC,Gonorrhea,
GCS,Glasgow Coma Scale,
gd,Once A Day,
GE,Gastroenterology,
GFR,Glomerular Filtration Rate,
GH,Growth Hormone,
GHRH,Growth Hormone Releasing Hormone,
GI,Gastrointestinal,
GI(T),Gastrointestinal (Tract),
gjh,Once Every Hour,
GLT,Glucose Loading Test,
gluc.,Glucose,
gm.,Gram,
GNP,Geriatric Nurse Practitioner,
GnRH,Gonadotrophin-Releasing Hormone,
GOMER,"Slang For ""Get Out Of My Emergency Room""",
grav.,Gravid (Pregnant),
GRH,Gonotropin Releasing Hormone,
GS,General Surgery,
GSW,Gunshot Wound,
GTT,Glucose Tolerance Test,
gtt,Drops,
GTT,Drop-Liquid Measurement,
gtt.,Drop,
GTT(s),Drop(S),
GU,Gastric Ulcer,
GU,Genitourinary,
GUS,Genitourinary System,
GvHD,Graft Vs. Host Disease,
GYN,Gynecology,
Gyn.,Gynaecology,
Gz,Gonozyme,
H,Hypodermic,
H & L,Heart And Lungs,
H & P,History And Physical,
h.s.,At Bedtime,
h.s.,At Bedtime Or Half Strength,
H/O,History Of,
h/o or H/O,History Of,
H&H,Hemoglobin And Hematocrit,
H&P,History And Physical Examination,
H1N1,Hemagglutinin Type 1 And Neuraminidase Type 1 Influenza,
HA,Haemolytic Anaemia,
HA,Headache,
HAPE,High Altitude Pulmonary Edema,
HAS,Holmes–Adie Syndrome,
HB,Heart Block,
Hb,Haemoglobin,
HB,Hemoglobin,
HbA1,Glycosylated Haemoglobin,
HBD,Hydroxybutyrate Dehydrogenase,
HBF,Hepatic Blood Flow,
HbF,Foetal Haemoglobin,
HBP,High Blood Pressure,
HBV,Hepatitis B Virus,
HC,Head Circumference,
hCG,Human Chorionic Gonadotrophin,
HCP,Hereditary Coproporphyria,
Hct.,Haematocrit,
HCV,Hepatitis C Virus,
HCVD,Hypertensive Cardiovascular Disease,
HD,Heart Disease,
HD,Huntington'S Disease,
HDL,High-Density Lipoprotein,
HDL - 2,Huntington'S Disease–Like 2,
HDU,High Dependency Unit,
HDV,Hepatitis D Virus,
HELLP syndrome,"Hemolytic Anemia,Elevated Liver Enzymes And Low Platelet Count Syndrome",
hep,Hepatitis,
HF,Heart Failure,
HHD,Hypertensive Heart Disease,
HHV,Human Herpes Virus,
HIV,Human Immunodeficiency Virus,
HLA,Human Leukocyte Antigen,
HMMA,4-Hydroxy-3-Methoxymandelic Acid,
HP,History Of Present Illness,
HPA,"Hypothalamus, Pituitary, Adrenal",
HPC,History Of Present Complaint,
HPS,Hantavirus Pulmonary Syndrome,
HPV,Human Papilloma Virus,
HR,Heart Rate,
HR,Heart Rate Or Hour,
HRT,Hormone Replacement Therapy,
HS,Heart Sounds,
HS,Hour Of Sleep (Bedtime),
HST,Hypothalamic Suppression Test,
HSV,Herpes Simplex Virus,
HSVE,Herpes Simplex Virus Encephalitis,
HT,Hypertension,
HTN,Hypertension,
HTVD,Hypertensive Vascular Disease,
HUS,Haemolytic Uraemic Syndrome,
HVA,Homovanillic Acid,
Hx.,History,
i,1,
I & O,Intake And Output,
I &D,Incision And Drainage,
I&D,Incision And Drainage,
IA,Intra-Amniotic,
IADH,Inappropriate Antidiuretic Hormone,
IBC,Iron Binding Capacity,
IBD,Inflammatory Bowel Disease,
IBM,Inclusion Body Myositis,
IBS,Irritable Bowel Syndrome,
IBS,Inflammatory Bowel Syndrome,
IBW,Ideal Body Weight,
ICD,Implantable Cardioverter Defibrillator,
ICF,Intracellular Fluid,
ICM,Intercostal Margin,
ICP,Intracranial Pressure,
ICS,Intercostal Space,
ICU,Intensive Care Unit,
ID,Initial Dose,
ID,Infectious Diseases,
ID,Infectious Disease,
IDDM,Insulin-Dependent Diabetes Mellitus,
IDDM,Insulin Dependent Diabetes Mellitus,
IDL,Intermediate-Density Lipoprotein,
IED,Intermittent Explosive Disorder,
IF,Inspiratory Force,
Ig,Immunoglobulin,
IHD,Ischaemic Heart Disease,
ii,2,
iii,3,
IM,Infectious Mononucleosis,
IM,Intramuscular,
imp,Impression,
in vitro,In The Laboratory,
In vitro,In The Laboratory/Outside Body,
in vivo,In The Body,
inf,Inferior,
INR,International Normalised Ratio,
IOP,Intraocular Pressure,
IP,Intraperitoneal,
IP,Inpatient,
IPF,Idiopathic Pulmonary Fibrosis,
IPPB,Intermittent Positive-Pressure Breathing,
IPPV,Intermittent Positive Pressure Ventilation,
IQ,Intelligence Quotient,
ISA,Intrinsic Sympathomimetic Activity,
IT,Intrathecal,
ITP,Idiopathic Thrombocytopenic Purpura,
ITT,Insulin Tolerance Test,
ITU,Intensive Therapy Unit,
IU,International Unit,
IU,International Units,
IUD,Intrauterine Device,
IUI,Intrauterine Insemination,
IUP,Intrauterine Pregnancy,
IUPC,Intrauterine Pressure Catheter,
IV,Intravenous,
iv,4,
IVF,In Vitro Fertilization,
IVIG,Intravenous Immune Globulin,
IVP,Intravenous Pyelogram,
IVP,Intravenous Push,
IVSD,Interventricular Septal Defect,
IVU,Intravenous Urography,
J,Jaundice,
JCV,Jc Virus,
JE,Japanese Encephalitis,
JHD,Juvenile Huntington'S Disease,
JRA,Juvenile Rheumatoid Arthritis,
JT,Joint,
JV,Jugular Vein,
JVD,Jugular Venous Distention,
JVP,Jugular Venous Pressure,
K,Potassium,
KCL,Potassium Chloride,
KFD,Kyasanur Forest Disease,
KJ,Knee Jerk,
KO,Keep Open,
KS,Kaposi Sarcoma,
KTS,Klippel–Trenaunay Syndrome,
KTWS,Klippel–Trenaunay–Weber Syndrome,
KUB,"Kidneys, Ureters, Bladder",
KUB,"Kidney,Ureter,Bladder",
KVO,Keep Vein Open,
L,Left,
L & A,Light And Accommodation,
L & W,Living And Well,
"L1, L2 …","Lumbar Vertebrae 1, 2 …",
LA,Left Arm,
lac,Laceration,
LAD,Leukocyte Adhesion Deficiency,
Lap,Laparotomy,
LAT or lat,Lateral,
LBBB,Left Bundle Branch Block,
LBP,Low Back Pain,
LBW,Low Birth Weight,
LCIS,Lobular Carcinoma In Situ,
LCM,Left Costal Margin,
LD,Lethal Dose,
LDH,Lactate Dehydrogenase,
LDL,Low-Density Lipoprotein,
LE,Lupus Erythematosus,
LEMS,Lambert–Eaton Myasthenic Syndrome,
LFT,Liver Function Test,
LH,Left Hand,
LIF,Left Iliac Fossa,
LIH,Left Inguinal Hernia,
LKS,"Liver, Kidneys, Spleen",
LKS,Landau–Kleffner Syndrome,
LLL,Left Lower Lobe,
LLQ,Left Lower Quadrant,
LMN,Lower Motor Neurone,
LMP,Last Menstrual Period,
LMWH,Low Molecular Weight Heparin,
LN,Lymph Node,
LNS,Lesch–Nyhan Syndrome,
LOM,Limitation Of Movement,
LOPS,Length Of Patient’S Stay,
LP,Lumbar Puncture,
LSCS,Lower Segment Caesarian Section,
LTC,Long-Term Care,
LUL,Left Upper Lobe,
LUQ,Left Upper Quadrant,
LV,Left Ventricle,
LV,Lymphogranuloma Venereum,
LVF,Left Ventricular Failure,
LVH,Left Ventricular Hypertrophy,
Lytes,Electrolytes,
M,Male,
M/H,Medical History,
M1,Mitral First Sound,
MA,Menstrual Age,
MAOI,Monoamine Oxidase Inhibitor,
MAP,Mean Arterial Pressure,
MCH,Mean Corpuscular Haemoglobin,
MCHC,Mean Corpuscular Haemoglobin Concentration,
MCL,Medial Collateral Ligament,
MCO,Managed Care Organization,
MCT,Medium-Chain Triglycerides,
MCV,Mean Corpuscular Volume,
MD,Muscular Dystrophy,
MD,Medical Doctor,
MDD,Maximum Daily Dose,
MDD,Major Depressive Disorder,
MDI,Metered-Dose Inhaler,
MDR TB,Multi-Drug-Resistant Tuberculosis,
MDS,Myelodysplastic Syndrome,
MDV,Multiple Dose Vial,
ME,Myalgic Encephalomyelitis,
Medical Abbreviation – K,,
Medical Abbreviation – L,,
mEq,Milliequivalent,
MERS,Middle East Respiratory Syndrome,
met,Metastasis,
mg,Milligrams,
MG,Milligram,
MH,Marital History,
MHC,Major Histocompatibility Complex,
MI,Myocardial Infarction,
MIC,Minimum Inhibitory Concentration,
ML,Midline,
ml,Milliliters,
ML,Milliliter,
MLD,Minimum Lethal Dose,
MM,Multiple Myeloma,
MMR,"Measles,Mumps,Rubella",
MMRV,"Measles,Mumps,Rubella",
MND,Motor Neurone Disease,
MP,Menstrual Period,
MR,Mental Retardation,
MRI,Magnetic Resonance Imaging,
MRSA,Methicillin-Resistant Staphylococcus Aureus,
MS,Mitral Stenosis,
MS,Multiple Sclerosis,
MSL,Midsternal Line,
MSU,Midstream Urine Specimen,
MVA,Motor Vehicle Accident,
MVP,Mitral Valve Prolapse,
MyG,Myasthenia Gravis,
N,Normal,
N & T,Nose And Throat,
N & V,Nausea And Vomiting,
n.p.o.,Nothing By Mouth Or Not By Oral Administration,
N/V,Nausea Or Vomiting,
n/v,Nausea Vomiting,
Na,Sodium,
NAD,No Acute Distress,
NARTI,Nucleoside Analogue Reverse Transcriptase Inhibitor,
NAS,Neonatal Abstinence Syndrome,
NBCCS,Nevoid Basal Cell Carcinoma Syndrome,
NBIA,Neurodegeneration With Brain Iron Accumulation,
NBM,Nil By Mouth,
NCIP,Novel Coronavirus-Infected Pneumonia,
NCL,Neuronal Ceroid Lipofuscinosis,
NCP,Nursing Care Plan,
NG,Nasogastric,
NHL,Non-Hodgkin’S Lymphoma,
NICU,Neonatal Intensive Care Unit,
NIDDM,Non-Insulin Dependent Diabetes Mellitus,
NKA,No Known Allergies,
NKDA,No Known Drug Allergies,
NKHA,Non-Ketotic Hyperosmolar Acidosis,
NL,Normal,
NM,Neuromuscular,
NMR,Nuclear Magnetic Resonance,
NMS,Neuroleptic Malignant Syndrome,
NNRTI,Non-Nucleoside Reverse Transcriptase Inhibitor,
nocte,Every Night,
NOF,Neck Of Femur,
NOF,Fractured Neck Of Femur,
NOK,Next Of Kin,
NP,Nurse Practitioner,
NPO,Nothing By Mouth,
NS,Nervous System,
NSAID,Non-Steroid Anti-Inflammatory Drug,
NSD,No Significant Defect,
NSFTD,Normal Spontaneous Full-Term Delivery,
NSR,Normal Sinus Rhythm,
NSU,Nonspecific Urethritis,
NTG,Nitroglycerin,
NVD,"Nausea, Vomiting, Diarrhoea",
NVD,Normal Vaginal Delivery,
NYD,Not Yet Diagnosed,
O,Oedema,
O.D.,Right Eye,
O.S.,Left Eye,
O.U.,Both Eyes,
o.u.,Right Eye,
O/A,On Admission,
O/E,On Examination,
O&P,Ova And Parasites,
O2,Oxygen,
OA,Osteoarthritis,
OA,Oculomotor Apraxia,
OB,Occult Blood,
Obs,Obstetrics,
OC,Oral Contraceptive,
OCP,Oral Contraceptive Pill,
OD,Overdose,
ODD,Oppositional Defiant Disorder,
OGD,Oesophogastroduodenoscopy,
OGTT,Oral Glucose Tolerance Test,
OH,Occupational History,
OHF,Omsk Hemorrhagic Fever,
ON,Optic Neuritis,
OP,Outpatient,
OPA,Outpatient Appointment,
OPD,Outpatient Department,
OPV,Oral Polio Vaccine,
OR,Operating Room,
ORIF,Open Reduction And Internal Fixation,
OS,Left Eye,
OSA,Obstructive Sleep Apnea,
OT,Occupational Therapy,
OTC,Over The Counter,
OU,Both Eyes,
P,Pulse,
P & A,Percussion And Auscultation,
P & R,Pulse And Respiration,
p.c.,After Food,
p.o.,By Mouth,
p.r.n.,As Needed,
p¯,After Meals,
PA,Pernicious Anaemia,
PA,Patient,
PA,Physician Assistant,
PAP,Pulmonary Artery Pressure, Papanicolaou Test
PAT,Paroxysmal Atrial Tachycardia,
PAWP,Pulmonary Arterial Wedge Pressure,
PBI,Protein Bound Iodine,
PC,Present Complaint Packed Cells,
PC,After Meals,
PCA,Patient-Controlled Analgesia,
PCKD,Polycystic Kidney Disease,
PCL,Posterior Cruciate Ligament,
PCN,Penicillin,
PCOS,Polycystic Ovarian Syndrome,
PCP,Pneumocystis Cariniipneumonia,
PCP,Primary Care Physician,
PCS,Portocaval Shunt,
PCV,Packed Cell Volume,
PD,Progressive Disease,
PD,Parkinson'S Disease,
PE,Physical Examination,
PE,Pulmonary Embolism,
PEEP,Positive End-Expiratory Pressure,
PEEP,Positive End Expiratory Pressure,
PEFR,Peak Expiratory Flow Rate,
PEG,Percutaneous Endoscopic Gastrostomy,
PERRLA,"Pupils Equal, Round, React To Light And Accommodation",
PERRLA,"Pupils Equal, Round, And Reactive To Light And Accommodation",
PET,Positron Emission Tomography,
PF,Peak Flow,
PFR,Peak Flow Rate,
PFT,Pulmonary Function Test,
PH,Past History,
pHa,Arterial Blood Ph,
PI,Present Illness,
PICC,Peripherally Inserted Central Catheter,
PID,Pelvic Inflammatory Disease,
PIH,Pregnancy Induced Hypertension,
PKU,Phenylketonuria,
Plt,Platelets,
PM,Post Mortem,
PMB,Postmenopausal Bleeding,
PMH,Past Medical History,
PMI,Past Medical Illness,
PMI,Point Of The Maximum Impulse Of The Heart,
PMN,Polymorphonuclear Leucocyte,
PMR,Patient Medical Record,
PMS,Postmenopausal Syndrome,
PMS,Premenstrual Syndrome,
PMT,Premenstrual Tension,
PN,Percussion Note,
PND,Paroxysmal Nocturnal Dyspnoea,
PNP,Psychiatric Nurse Practitioner,
PNS,Peripheral Nervous System,
PNV,Prenatal Vitamins,
Pnx,Pneumothorax,
PO,By Mouth,
PO,Per Os,
Post-op,Postoperative (After Surgery),
PPE,Personal Protection Equipment,
PPH,Post Partum Haemorrhage,
PPI,Proton Pump Inhibitor,
ppm,Parts Per Million,
PPS,Post-Polio Syndrome,
PPTK,Partial Thromboplastin Time Kaolin,
PR,Per Rectum,
Pre-op,Preoperative (Before Surgery),
PRN,As Needed,
PSA,Prostate-Specific Antigen,
PSP,Progressive Supranuclear Palsy,
Pt,Patient,
PT,Physical Therapy,
PTA,Plasma Thromboplastin Antecedent,
PTH,Parathyroid Hormone,
PTR,Prothrombin Ratio,
PTSD,Post-Traumatic Stress Syndrome,
PTSD,Post-Traumatic Stress Disorder,
PTT,Partial Thromboplastin Time,
PTTK,Partial Thromboplastin Time Kaolin,
PTU,Propylthiouracil,
PU,Peptic Ulcer,
PUD,Peptic Ulcer Disease,
PUO,Pyrexia Of Unknown Origin,
PUVA,Psoralen And Ultraviolet A Radiation,
PV,Per Vagina,
PVC,Premature Ventricular Contraction,
PVD,Peripheral Vascular Disease,
PVT,Paroxysmal Ventricular Tachycardia,
Px,Past History,
q.d.,Each Day,
q.i.d.,Four Times Daily,
q2h,Every 2 Hours,
q3h,Every 3 Hours,
qAM,Each Morning,
qam,Every Morning,
QF,Query Fever,
qhs,At Each Bedtime,
qhs,At Bedtime,
qid,Four Times A Day,
qod,Every Other Day,
QPD,Quebec Platelet Disorder,
qPM,Each Evening,
qpm,Every Evening,
QPS,Quebec Platelet Syndrome,
R,Respiration,
R/O,Rule Out,
RA,Renal Artery,
RA,Rheumatoid Arthritis,
RA,Right Atrium,
RAST,Radioallergosorbent Test,
RBBB,Right Bundle Branch Block,
RBC,Red Blood Cell,
RBF,Renal Blood Flow,
RBS,Random Blood Sugar,
RDI,Recommended Daily Intake,
RDM,Rapid Eye Movements,
RDS,Respiratory Distress Syndrome,
REB,Rebound,
REM,Rapid Eye Movement,
RES,Reticuloendothelial System,
RF,Renal Failure,
RF,Risk Factor,
RFT,Respiratory Function Test,
Rh factor,Rhesus Factor,
RHD,Rheumatic Heart Disease,
RIF,Right Iliac Fossa,
RLD,Related Living Donor,
RLL,Right Lower Lobe (Lung),
RLQ,Right Lower Quadrant,
RLS,Restless Legs Syndrome,
ROM,Range Of Motion,
ROS,Review Of Systems,
RP,Radial Pulse,
RQ,Respiratory Quotient,
RR,Respiratory Rate,
RR & E,Round Regular And Equal (Pupils),
RS,Respiratory System,
RSF,Rheumatoid Serum Factor,
RSR,Regular Sinus Rhythm,
RSV,Respiratory Syncytial Virus,
rt-PA,Recombinant Tissue-Type Plasminogen Activator,
RTA,Road Traffic Accident,
RUL,Right Upper Lobe,
RUQ,Right Upper Quadrant,
RV,Residual Volume,
RV,"Right Ventricle,Residual Volume",
RVH,Right Ventricular Hypertrophy,
Rx,"Prescription,Treatment",
s,Without,
S,Without (Sans),
S/B,Seen By,
s/p,Status Post,
S/S,Signs And Symptoms,
SA,Sinoatrial,
SAD,Season Affective Disorder,
SALT,Speech And Language Therapist,
SARS,Severe Acute Respiratory Syndrome,
SB,Seen By,
SB,Spina Bifida,
SBE,Subacute Bacterial Endocarditis,
SBO,Small Bowel Obstruction,
SBP,Spontaneous Bacterial Peritonitis,
SC,Sickle Cell,
SC,Subcutaneous,
SCBU,Special Care Baby Unit,
SH,Social History,
SI,Small Intestine,
SIADH,Syndrome Of Inappropriate Antidiuretic Hormone,
SIDS,Sudden Infant Death Syndrome,
Sig.,Directions,
SL or sl,Sublingual,
SLE,Systemic Lupus Erythematosus,
SOA,Swelling Of Ankle(S),
SOAP,"Subjective, Objective, Assessment, Plan",
SOB,Shortness Of Breath,
SP,Systolic Pressure,
SQ,Subcutaneous,
SR,Sinus Rhythm,
SSRI,Selective Serotonin Reuptake Inhibitor,
SSS,Sick Sinus Syndrome,
ST,Sinus Tachycardia,
STAT,Immediately,
stat.,Immediately,
Stat.,"Immediately,With No Delay",
STD,Sexually Transmitted Disease,
SV,Stroke Volume,
SVT,Supraventricular Tachycardia,
SWS,Sturge–Weber Syndrome,
Sx,Symptoms,
T,Temperature,
T & A,Tonsillectomy And Adenoidectomy,
T & X,Type And Crossmatch,
t-PA,Tissue Plasminogen Factor,
t.i.d.,Three Times Daily,
T&C,Type And Cross,
T3,Triiodothyronine,
T4,Thyroxine,
tab,Tablet,
TAH,Total Abdominal Hysterectomy,
TB,Tuberculosis,
TBA,To Be Administered,
TBG,Thyroid Binding Globulin,
TBI,Traumatic Brain Injury,
TBS,Total Body Surface,
TBW,Total Body Water,
TCA,Tricyclic Antidepressant,
TD,Tardive Dyskinesia,
TDI,Total Dose Infusion,
TDM,Therapeutic Drug Monitoring,
TENS,Transcutaneous Electrical Nerve Stimulation,
TFT,Thyroid Function Test,
TG,Triglyceride,
TH,Thyroid Hormone,
THR,Total Hip Replacement,
TIA,Transient Ischaemic Attack,
TIBC,Total Iron-Binding Capacity,
TIW,Three Times A Week,
TKO,To Keep Open,
TKR,Total Knee Replacement,
TL,Tubal Ligation,
TLC,Tender Loving Care,
TLC,Total Lung Capacity,
TM,Tympanic Membrane,
TMJ,Tempomandibular Joint,
TNF,Tumour Necrosis Factor,
TOF,Tracheo-Oesophageal Fistula,
TOP,Termination Of Pregnancy,
TOPS,Take Off Pounds Sensibly,
TP,Thrombophlebitis,
TPA,"Tissue Plasminogen Activator (Dissolve Clots),Total Parenteral Alimentation",
TPN,Total Parenteral Nutrition,
TPR,"Temperature, Pulse, Respiration",
TSH,Thyroid-Stimulating Hormone,
TTA,To Take Away,
TTH,Tension Type Headache,
TTO,To Take Out,
TTP,Thrombotic Thrombocytopenic Purpura,
TUR,Transurethral Resection,
TURB,Transurethral Resection Of The Bladder,
TURP,Transurethral Resection Of The Prostate,
TV,Trichomonas Vaginalis,
Tx.,Treatment,
U & E,Urea & Electrolytes,
U or u,Unit,
u.d.,As Directed,
UA,Uric Acid,
UA,Urinalysis,
UA or u/a,Urinalysis,
UC,Ulcerative Colitis,
UCG,Urine Chorionic Gonadotropin,
UCO,Urinary Catheter Out,
UDA,Urticaria-Deafness-Amyloidosis,
UDV,Unit Dose Vial,
UE,Upper Extremity,
UFH,Unfractionated Heparin,
UK,Unknown,
ULN,Upper Limits Of Normal,
UO,Urinary Output,
UO,Urine Output,
URI,Upper Respiratory Infection,
URTI,Upper Respiratory Tract Infection,
US,Ultrasound,
USOH,Usual State Of Health,
ut dict,As Directed,
UTI,Urinary Tract Infection,
VB,Venous Blood,
VB,Vaginal Bleeding,
VBCS,Vaginal Birth After Caesarean Section,
VC,Vena Cava,
vCJD,Variant Creutzfeldt–Jakob Disease,
VD,Venereal Disease,
VDG,Venereal Disease Gonorrhoea,
VDRL,Venereal Disease Research Laboratory,
VE,Vaginal Examination,
VF,Ventricular Fibrillation,
VH,"Vaginal Hysterectomy,Hallucination",
VisitA,Annual Visit,
VLBW,Very Low Birth Weight,
VLDL,Very Low-Density Lipoprotein,
VP,Venous Pressure,
VS,Vital Signs,
VSS,Vital Signs Are Stable,
VSS,Vital Signs Stable,
VT,Ventricular Tachycardia,
WAGR syndrome,"Wilms Tumor,Aniridia,Genitourinary Anomalies",
WB,Whole Blood,
WBC,White Blood Cell,
WBS,Whole Body Scan,
WCC,White Cell Count,
WD,Wilson'S Disease,
WNL,Within Normal Limits,
WPW,Wolff-Parkinson-White Syndrome,
wt,Weight,
X-ALD,X-Linked Adrenoleukodystrophy,
X-CALD,X-Linked Cerebral Adrenoleukodystrophy,
XDH and AOX dual deficiency,Xanthine Dehydrogenase And Aldehyde Oxidase Combined Deficiency,
XRT,Radiotherapy (External),
XRT,External Radiation Therapy,
XX,Female Chromosome Type,
XXX syndrome,Triple X Syndrome,
XY,Male Chromosome Type,
YF,Yellow Fever,
YNS,Yellow Nail Syndrome,
YSS,Young–Simpson Syndrome,
ZBLS,Zadik–Barak–Levin Syndrome,
ZES,Zollinger–Ellison Syndrome,
ZES,Zollinger-Ellison Syndrome,
ZLS,Zimmermann-Laband Syndrome,
ZS,Zellweger Syndrome,
Demo,Socio-demographics,
Edu,Education level,
FS,Family setting,
WC,Work capacity,
Dx,Diagnoses,
Tx,Treatments,
Comorbid,Comorbidities,
Other,Other (e.g. Allergy),
SES,Socioeconomic status,
LC,Living conditions,
U/R,Urban/rural,
DAMS,Distance to access medical services,
AN,Access to nature,
AP,Level of air pollution,
Traffic,Traffic,
Weather,Weather,
Wt,Weight,
Ht,Height,
WC,Waist circumference,
BMI,Body mass index,
BP,Blood pressure,
HR,Heart rate,
SpO2,Oxygen saturation,
RR,Respiratory rate,
BT,Body temperature,
HRV,Heart rate variability,
BC,Body composition (fat muscle hydric bone visceral mass),
Smoking,Smoking,
ETOH/Drug,Alcohol and Drug consumption,
NH,Nutritional habits,
PAH,Physical activity habits,
PAFQ,Physical Activity Frequency Questionnaire,
Sleep,Sleep,
PSQI,Pittsburgh Sleep Quality Index,
PA/Ex,Physical activity habits and exercise,
IPAQ,International Physical Activity Questionnaire,
Med Adher,Adherence to medical therapy (self-reported),
PA-W,Physical activity levels (from wearables),
Steps-W,Step count (from wearables),
PB,Preventive behaviors,
CAM,Use of complementary medicine,
WSC,Weight stability check,
Stress,Stress,
STRAIN,Stress and Adversity Inventory,
Anx/Dep,Anxiety and depression,
HAD,Hospital Anxiety and Depression scale,
ED,Eating disorders,
EDE-Q,Eating Disorder Examination Questionnaire,
QoL,Quality of Life,
SF-36,Short Form-36,
Motiv/Act,Motivation and activation,
PAM,Patient Activation Measure,
SE,Self-efficacy,
SEH,Self-Efficacy for Health,
Emot/WB,Emotions and well-being,
PANAS,Positive and Negative Affect Schedule,
PSS,Perceived Stress Scale,
MLWHFQ,Minnesota Living with Heart Failure Questionnaire,
WHOQOL-8,World Health Organization Quality of Life-8,
IOD,Impact of disease,
TC,Total cholesterol,
LDL,Low-density lipoprotein,
HDL,High-density lipoprotein,
TG,Triglycerides,
FG,Fasting glucose,
HbA1c,Hemoglobin A1c,
ECG,Electrocardiogram,
CRP,C-reactive protein,
AST,Aspartate aminotransferase,
ALT,Alanine aminotransferase,
GGT,Gamma-glutamyl transferase,
HF,Failure with/without valve disease,
Cr,Creatinine,
eGFR,Estimated glomerular filtration rate,
ACR,Albumin-Creatinine Ratio,
EKG,Electrocardiogram,
Nt-proBNP,N-terminal pro b-type natriuretic peptide,
DOE,Dyspnea,
Edema,Edema,
CH,Cardiac health,
HF,Heart failure,
BP-W,Blood pressure (from wearables),
HR-W,Heart rate (from wearables),
FFM,Fat-free mass,
FM,Fat mass,
HOMA-IR,Homeostatic Model Assessment for Insulin Resistance,
T2DM Guide,Guidelines for type 2 diabetes,
PG-cont,Plasma glucose (continuous),
Chrono,Chronotype,
HB,Hydric balance,
Diuresis,Diuresis,
BP,Blood pressure,
VO2,Oxygen consumption,
RR,Respiratory rate,
PA,Physical activity,
Steps,Steps,
SL,Step length,
Dist,Distance,
Speed,Speed,
Elev,Elevation,
Cal,Calories,
BT,Body temperature,
HR,Heart rate,
Sleep D/P,Sleep duration/patterns,
DM,Disease management (diabetes/heart failure),
AR,Available resources (social financial informational environmental),
Tech Use,Use of technologies (e.g. smartphone wearable),
Expect,Expectations,
Trust Tech,Trust in technology,
Privacy,Privacy concerns,
Intent Adopt,Intention to adopt,
Usage Int,Usage intentions,
Feat Pref,Feature preferences,
